<meta>
	<script src="client.lua" type="client" />
	<script src="server.lua" type="server" />
	<script src="settings.lua" type="client" />

	<file src="files/font/defaultFont.ttf" />
	<file src="files/font/font.ttf" />
	<file src="files/font/fontNick.ttf" />

	<file src="files/img/1.png" />
	<file src="files/img/4.png" />
	<file src="files/img/5.png" />
	<file src="files/img/8.png" />
	<file src="files/img/10.png" />
	<file src="files/img/14.png" />
	<file src="files/img/22.png" />
	<file src="files/img/23.png" />
	<file src="files/img/24.png" />
	<file src="files/img/25.png" />
	<file src="files/img/26.png" />
	<file src="files/img/27.png" />
	<file src="files/img/28.png" />
	<file src="files/img/29.png" />
	<file src="files/img/30.png" />
	<file src="files/img/31.png" />
	<file src="files/img/32.png" />
	<file src="files/img/33.png" />
	<file src="files/img/34.png" />
	<file src="files/img/41.png" />
	<file src="files/img/43.png" />
	<file src="files/img/44.png" />
	<file src="files/img/46.png" />

	<script src="colorpicker/colorpicker.lua" type="client" />	
	<file src="colorpicker/palette.png" />
	<file src="colorpicker/alpha.png" />
</meta>